creator,date,caption,likes,comments,engagement,first_seen,last_seen
thevibebusiness,7/5/2026,"i made over $200,000 on upwork alone.. i started at $15 project.  between those two numbers is a thr",87,278,365,2026-08-30,2026-08-30
thevibebusiness,12/28/2025,"This beach in Andaman? It's the first time I stopped walking toward something and just... walked. I ",38,21,59,2026-08-30,2026-08-30
thevibebusiness,5/31/2026,"Day 3/100 of building your path towards financial independence.",3,2969,2972,2026-08-30,2026-08-30
thevibebusiness,8/28/2026,"@playinggodwithagi how much you are doing? 😅",96,30,126,2026-08-30,2026-08-30
thevibebusiness,8/27/2026,"hiring alert 🚨",229,486,715,2026-08-30,2026-08-30
thevibebusiness,8/25/2026,"",104,114,218,2026-08-30,2026-08-30
thevibebusiness,8/19/2026,"",111,132,243,2026-08-30,2026-08-30
thevibebusiness,8/17/2026,"",39,46,85,2026-08-30,2026-08-30
thevibebusiness,8/16/2026,"I will show you to avoid middle man scammers In part 2",44,4,48,2026-08-30,2026-08-30
thevibebusiness,8/15/2026,"independence is a myth?",33,4,37,2026-08-30,2026-08-30
thevibebusiness,8/12/2026,"AWS is giving away credits like crazy…",3,825,828,2026-08-30,2026-08-30
thevibebusiness,7/30/2026,"Risk = asymmetric returns",43,1,44,2026-08-30,2026-08-30
